{
  "users": [
    {
      "id": "2",
      "date": "2024-05-02",
      "type": "income",
      "category": "주식",
      "amount": 200000,
      "memo": "주식 배당금 수령"
    },
    {
      "id": "71a2",
      "date": "2024-06-12",
      "type": "income",
      "category": "월급",
      "amount": 2342,
      "memo": "ㅂㅁㅂㅁ",
      "usage": "",
      "imageUrl": null
    }
  ],
  "expenditures": [
    {
      "id": "ce89",
      "date": "2024-06-05",
      "type": "expense",
      "category": "문화생활",
      "amount": 5000,
      "memo": "",
      "usage": "",
      "imageUrl": null
    },
    {
      "id": "b870",
      "date": "2024-06-07",
      "amount": 1000,
      "type": "expense",
      "category": "문화생활"
    }
  ]
}